{
  "run_duration_sec": 1800,
  "log_rows": 43818,
  "pre_quote_decision_rows": 13595,
  "order_new_quote_count": 1391,
  "quote_lifetime_median": 1.2627997398376465,
  "quote_lifetime_mean": 1.9996454438059386,
  "quote_lifetime_p75": 2.736996650695801,
  "quote_lifetime_p90": 5.036344289779663,
  "quote_fade_end_count": 865,
  "tfi_fade_end_count": 0,
  "cancel_aggressive_end_count": 0,
  "order_cancel_quote_count": 526,
  "quote_fade_suppressed_count": 1518,
  "tfi_fade_suppressed_count": 5142,
  "cancel_aggressive_quality_suppressed_count": 6017,
  "final_block_reason": {
    "none": 13028,
    "quote_fade": 567
  },
  "quote_fade_exit_quality_3s": {
    "count": 865,
    "success_ratio": 0.13179190751445086,
    "fail_ratio": 0.07976878612716763,
    "neutral_ratio": 0.7884393063583816,
    "mean_directional_ret_bps": 0.18056829966701157
  },
  "quote_fade_exit_quality_5s": {
    "count": 865,
    "success_ratio": 0.20346820809248556,
    "fail_ratio": 0.13179190751445086,
    "neutral_ratio": 0.6647398843930635,
    "mean_directional_ret_bps": 0.18841002582854333
  },
  "active_cancel_rows": 0,
  "active_cancel_valid_candidate_ratio": null
}